"state","district","matched_state","matched_district","source_mode","confidence_level","row_count","village_count","gps_village_count","opencellid_data_as_of","opencellid_recency_basis","ookla_data_as_of","ookla_recency_basis","data_as_of","relative_map_html","relative_provider_csv"
"Andhra Pradesh","Alluri Sita Ramaraju","Andhra Pradesh","Alluri Sitarama Raju","completed_tower_enriched","high","2329","138","63","2026-07-12T03:28:14.254709Z","district_file_mtime","2026-07-11T16:07:33.401562Z","state_cache_mtime","2026-07-12T03:28:14.254709Z","../requested_districts/andhra_pradesh__alluri_sita_ramaraju/outputs/village_connectivity_map.html","../requested_districts/andhra_pradesh__alluri_sita_ramaraju/outputs/village_provider_signal_estimate.csv"
"Andhra Pradesh","Parvathipuram","Andhra Pradesh","Parvathipuram Manyam","completed_tower_enriched","high","729","67","55","2026-07-12T03:11:24.390715Z","district_file_mtime","2026-07-11T16:07:33.401562Z","state_cache_mtime","2026-07-12T03:11:24.390715Z","../requested_districts/andhra_pradesh__parvathipuram/outputs/village_connectivity_map.html","../requested_districts/andhra_pradesh__parvathipuram/outputs/village_provider_signal_estimate.csv"
"Chhattisgarh","Bastar","Chhattisgarh","Bastar","fallback_tower_enriched","medium","0","310","310","2026-07-13T04:34:37.959692Z","district_file_mtime","2026-07-13T04:30:09.888911Z","state_cache_mtime","2026-07-13T04:34:37.959692Z","../requested_districts/chhattisgarh__bastar/outputs/village_connectivity_map.html","../requested_districts/chhattisgarh__bastar/outputs/village_provider_signal_estimate.csv"
"Chhattisgarh","Dantewada","Chhattisgarh","Dantewada","fallback_tower_enriched","medium","0","92","92","2026-07-13T04:38:40.307066Z","district_file_mtime","2026-07-13T04:30:09.888911Z","state_cache_mtime","2026-07-13T04:38:40.307066Z","../requested_districts/chhattisgarh__dantewada/outputs/village_connectivity_map.html","../requested_districts/chhattisgarh__dantewada/outputs/village_provider_signal_estimate.csv"
"Chhattisgarh","Sukma","Chhattisgarh","Sukma","fallback_tower_enriched","medium","0","118","118","2026-07-13T04:42:21.690733Z","district_file_mtime","2026-07-13T04:30:09.888911Z","state_cache_mtime","2026-07-13T04:42:21.690733Z","../requested_districts/chhattisgarh__sukma/outputs/village_connectivity_map.html","../requested_districts/chhattisgarh__sukma/outputs/village_provider_signal_estimate.csv"
"Gujarat","Navsari","Gujarat","Navsari","fallback_tower_enriched","medium","0","374","374","2026-07-13T04:47:01.493082Z","district_file_mtime","2026-07-12T17:34:31.889827Z","state_cache_mtime","2026-07-13T04:47:01.493082Z","../requested_districts/gujarat__navsari/outputs/village_connectivity_map.html","../requested_districts/gujarat__navsari/outputs/village_provider_signal_estimate.csv"
"Gujarat","The Dangs","Gujarat","The Dangs","fallback_tower_enriched","medium","0","311","311","2026-07-13T12:52:22.307870Z","updated_column_or_mtime","2026-06-24T18:14:28.211520Z","file_mtime","2026-06-24T18:14:28.211520Z","../requested_districts/gujarat__the_dangs/outputs/village_connectivity_map.html","../requested_districts/gujarat__the_dangs/outputs/village_provider_signal_estimate.csv"
"Gujarat","Valsad","Gujarat","Valsad","fallback_tower_enriched","medium","0","474","474","2026-07-13T12:52:22.307870Z","updated_column_or_mtime","2026-06-24T18:14:28.211520Z","file_mtime","2026-06-24T18:14:28.211520Z","../requested_districts/gujarat__valsad/outputs/village_connectivity_map.html","../requested_districts/gujarat__valsad/outputs/village_provider_signal_estimate.csv"
"Jharkhand","Dumka","Jharkhand","Dumka","completed_tower_enriched","high","1772","93","76","2026-07-12T03:17:19.060834Z","district_file_mtime","2026-07-11T16:07:35.997203Z","state_cache_mtime","2026-07-12T03:17:19.060834Z","../requested_districts/jharkhand__dumka/outputs/village_connectivity_map.html","../requested_districts/jharkhand__dumka/outputs/village_provider_signal_estimate.csv"
"Jharkhand","Pakur","Jharkhand","Pakur","completed_tower_enriched","high","2068","85","54","2026-07-12T03:21:17.024892Z","district_file_mtime","2026-07-11T16:07:35.997203Z","state_cache_mtime","2026-07-12T03:21:17.024892Z","../requested_districts/jharkhand__pakur/outputs/village_connectivity_map.html","../requested_districts/jharkhand__pakur/outputs/village_provider_signal_estimate.csv"
"Jharkhand","Sahibganj","Jharkhand","Sahibganj","completed_tower_enriched","high","1866","124","91","2026-07-13T10:14:26.774193Z","district_file_mtime","2026-07-11T16:07:35.997203Z","state_cache_mtime","2026-07-13T10:14:26.774193Z","../requested_districts/jharkhand__sahibganj/outputs/village_connectivity_map.html","../requested_districts/jharkhand__sahibganj/outputs/village_provider_signal_estimate.csv"
"Karnataka","Bidar","Karnataka","Bidar","fallback_no_tower_evidence","low","744","744","744","2026-07-14T17:09:07.247444Z","updated_column_or_mtime","2026-06-24T18:14:28.211520Z","file_mtime","2026-06-24T18:14:28.211520Z","../requested_districts/karnataka__bidar/outputs/village_connectivity_map.html","../requested_districts/karnataka__bidar/outputs/village_provider_signal_estimate.csv"
"Karnataka","Raichur","Karnataka","Raichur","fallback_no_tower_evidence","low","0","887","887","2026-07-13T12:52:22.307870Z","updated_column_or_mtime","2026-06-24T18:14:28.211520Z","file_mtime","2026-06-24T18:14:28.211520Z","../requested_districts/karnataka__raichur/outputs/village_connectivity_map.html","../requested_districts/karnataka__raichur/outputs/village_provider_signal_estimate.csv"
"Madhya Pradesh","Dhar","Madhya Pradesh","Dhar","fallback_no_tower_evidence","low","0","617","617","2026-07-13T05:16:37.995343Z","district_file_mtime","2026-07-13T04:59:37.232626Z","state_cache_mtime","2026-07-13T05:16:37.995343Z","../requested_districts/madhya_pradesh__dhar/outputs/village_connectivity_map.html","../requested_districts/madhya_pradesh__dhar/outputs/village_provider_signal_estimate.csv"
"Madhya Pradesh","Khargone (West Nimar)","Madhya Pradesh","Khargone","fallback_no_tower_evidence","low","0","1","1","2026-07-13T05:18:17.741344Z","district_file_mtime","2026-07-13T04:59:37.232626Z","state_cache_mtime","2026-07-13T05:18:17.741344Z","../requested_districts/madhya_pradesh__khargone__west_nimar/outputs/village_connectivity_map.html","../requested_districts/madhya_pradesh__khargone__west_nimar/outputs/village_provider_signal_estimate.csv"
"Maharashtra","Dhule","Maharashtra","Dhule","fallback_no_tower_evidence","low","692","692","692","2026-07-14T09:14:00.243264Z","updated_column_or_mtime","2026-06-24T18:14:28.211520Z","file_mtime","2026-06-24T18:14:28.211520Z","../requested_districts/maharashtra__dhule/outputs/village_connectivity_map.html","../requested_districts/maharashtra__dhule/outputs/village_provider_signal_estimate.csv"
"Maharashtra","Nandurbar","Maharashtra","Nandurbar","fallback_no_tower_evidence","low","0","1","1","2026-07-13T05:20:18.444278Z","district_file_mtime","2026-07-12T03:23:52.360737Z","state_cache_mtime","2026-07-13T05:20:18.444278Z","../requested_districts/maharashtra__nandurbar/outputs/village_connectivity_map.html","../requested_districts/maharashtra__nandurbar/outputs/village_provider_signal_estimate.csv"
"Maharashtra","Nashik","Maharashtra","Nashik","fallback_no_tower_evidence","low","0","1","1","2026-07-13T05:21:50.276221Z","district_file_mtime","2026-07-12T03:23:52.360737Z","state_cache_mtime","2026-07-13T05:21:50.276221Z","../requested_districts/maharashtra__nashik/outputs/village_connectivity_map.html","../requested_districts/maharashtra__nashik/outputs/village_provider_signal_estimate.csv"
"Odisha","Koraput","Odisha","Koraput","completed_tower_enriched","high","857","50","39","2026-06-24T18:41:21.920099Z","district_file_mtime","2026-07-11T16:07:37.382486Z","state_cache_mtime","2026-06-24T18:41:21.920099Z","../requested_districts/odisha__koraput/outputs/village_connectivity_map.html","../requested_districts/odisha__koraput/outputs/village_provider_signal_estimate.csv"
"Odisha","Malkangiri","Odisha","Malkangiri","completed_tower_enriched","high","668","93","43","2026-07-13T09:05:56.589112Z","district_file_mtime","2026-07-11T16:07:37.382486Z","state_cache_mtime","2026-07-13T09:05:56.589112Z","../requested_districts/odisha__malkangiri/outputs/village_connectivity_map.html","../requested_districts/odisha__malkangiri/outputs/village_provider_signal_estimate.csv"
"Odisha","Nabarangapur","Odisha","Nabarangapur","completed_tower_enriched","high","315","51","25","2026-07-13T12:52:22.307870Z","updated_column_or_mtime","2026-07-11T16:07:37.382486Z","file_mtime","2026-07-11T16:07:37.382486Z","../requested_districts/odisha__nabarangapur/outputs/village_connectivity_map.html","../requested_districts/odisha__nabarangapur/outputs/village_provider_signal_estimate.csv"
"Rajasthan","Banswara","Rajasthan","Banswara","fallback_no_tower_evidence","low","0","1","1","2026-07-13T05:23:26.707174Z","district_file_mtime","2026-07-13T05:22:41.033865Z","state_cache_mtime","2026-07-13T05:23:26.707174Z","../requested_districts/rajasthan__banswara/outputs/village_connectivity_map.html","../requested_districts/rajasthan__banswara/outputs/village_provider_signal_estimate.csv"
"Rajasthan","Dungarpur","Rajasthan","Dungarpur","fallback_no_tower_evidence","low","0","1","1","2026-07-13T05:24:53.855244Z","district_file_mtime","2026-07-13T05:22:41.033865Z","state_cache_mtime","2026-07-13T05:24:53.855244Z","../requested_districts/rajasthan__dungarpur/outputs/village_connectivity_map.html","../requested_districts/rajasthan__dungarpur/outputs/village_provider_signal_estimate.csv"
"Rajasthan","Pratapgarh","Rajasthan","Pratapgarh","fallback_no_tower_evidence","low","0","1","1","2026-07-13T05:26:25.490432Z","district_file_mtime","2026-07-13T05:22:41.033865Z","state_cache_mtime","2026-07-13T05:26:25.490432Z","../requested_districts/rajasthan__pratapgarh/outputs/village_connectivity_map.html","../requested_districts/rajasthan__pratapgarh/outputs/village_provider_signal_estimate.csv"
"Telangana","Adilabad","Telangana","Adilabad","fallback_no_tower_evidence","low","0","1","1","2026-07-13T05:28:02.070932Z","district_file_mtime","2026-07-11T16:07:38.819573Z","state_cache_mtime","2026-07-13T05:28:02.070932Z","../requested_districts/telangana__adilabad/outputs/village_connectivity_map.html","../requested_districts/telangana__adilabad/outputs/village_provider_signal_estimate.csv"
"Telangana","Bhadradri Kothagudem","Telangana","Bhadradri Kothagudem","fetched_no_tower_evidence","low","1","1","1","2026-07-12T06:16:58.889588Z","district_file_mtime","2026-07-11T16:07:38.819573Z","state_cache_mtime","2026-07-12T06:16:58.889588Z","../requested_districts/telangana__bhadradri_kothagudem/outputs/village_connectivity_map.html","../requested_districts/telangana__bhadradri_kothagudem/outputs/village_provider_signal_estimate.csv"
"Madhya Pradesh","Barwani","Madhya Pradesh","Barwani","district_fallback_proxy_geocoded","","0","1","0","","","","","","../requested_districts/madhya_pradesh__barwani/outputs/village_connectivity_map.html","../requested_districts/madhya_pradesh__barwani/outputs/village_provider_signal_estimate.csv"
