state,district,block,village,lgd_code
Maharashtra,Dhule,Sakri(Sub-District),Aagarpada,945413
Maharashtra,Dhule,Sakri(Sub-District),Aamode,526360
Maharashtra,Dhule,Shirpur(Sub-District),Abhanpur Kh.,526022
Maharashtra,Dhule,Dhule(Sub-District),Achade,526541
Maharashtra,Dhule,Sindkhede(Sub-District),Achhi,526140
Maharashtra,Dhule,Shirpur(Sub-District),Adhe,526069
Maharashtra,Dhule,Sakri(Sub-District),Aechale,526297
Maharashtra,Dhule,Shirpur(Sub-District),Ahilyapur,526072
Maharashtra,Dhule,Sakri(Sub-District),Aine,526313
Maharashtra,Dhule,Shirpur(Sub-District),Ajanad,526084
Maharashtra,Dhule,Sindkhede(Sub-District),Ajande Bk,526202
Maharashtra,Dhule,Shirpur(Sub-District),Ajande Bk,526089
Maharashtra,Dhule,Sindkhede(Sub-District),Ajande Kh,526174
Maharashtra,Dhule,Shirpur(Sub-District),Ajande Kh.,526053
Maharashtra,Dhule,Dhule(Sub-District),Ajang,526531
Maharashtra,Dhule,Shirpur(Sub-District),Ajnad Bangla,947339
Maharashtra,Dhule,Dhule(Sub-District),Ajnale,526588
Maharashtra,Dhule,Sakri(Sub-District),Akhade,526280
Maharashtra,Dhule,Sindkhede(Sub-District),Akkadse,526112
Maharashtra,Dhule,Sindkhede(Sub-District),Akkalkos,526151
Maharashtra,Dhule,Sakri(Sub-District),Akkalpada,526331
Maharashtra,Dhule,Dhule(Sub-District),Aklad,526575
Maharashtra,Dhule,Sindkhede(Sub-District),Alane,526205
Maharashtra,Dhule,Sindkhede(Sub-District),Amalathe,526141
Maharashtra,Dhule,Sakri(Sub-District),Amali,526335
Maharashtra,Dhule,Sindkhede(Sub-District),Amarale,526232
Maharashtra,Dhule,Sakri(Sub-District),Ambapur,526319
Maharashtra,Dhule,Shirpur(Sub-District),Ambe,526002
Maharashtra,Dhule,Dhule(Sub-District),Ambode,526527
Maharashtra,Dhule,Dhule(Sub-District),Amdad,526533
Maharashtra,Dhule,Sakri(Sub-District),Amkhel,526256
Maharashtra,Dhule,Sakri(Sub-District),Amode,526306
Maharashtra,Dhule,Shirpur(Sub-District),Amode,526054
Maharashtra,Dhule,Dhule(Sub-District),Anakwadi,526598
Maharashtra,Dhule,Dhule(Sub-District),Anchade Tanda,526540
Maharashtra,Dhule,Shirpur(Sub-District),Anjanpada,525999
Maharashtra,Dhule,Sindkhede(Sub-District),Anjanvihire,526129
Maharashtra,Dhule,Shirpur(Sub-District),Anturli,526035
Maharashtra,Dhule,Sindkhede(Sub-District),Arave,526225
Maharashtra,Dhule,Dhule(Sub-District),Arni,526516
Maharashtra,Dhule,Shirpur(Sub-District),Arthe Bk.,526038
Maharashtra,Dhule,Shirpur(Sub-District),Arthe Kh.,526039
Maharashtra,Dhule,Dhule(Sub-District),Arvi,526600
Maharashtra,Dhule,Shirpur(Sub-District),Asali,526071
Maharashtra,Dhule,Sakri(Sub-District),Ashtane,526316
Maharashtra,Dhule,Dhule(Sub-District),Awadhan,526632
Maharashtra,Dhule,Shirpur(Sub-District),Babhalaj,526083
Maharashtra,Dhule,Sindkhede(Sub-District),Babhalde,526192
Maharashtra,Dhule,Sindkhede(Sub-District),Babhale,526208
Maharashtra,Dhule,Sakri(Sub-District),Babhulade,526274
Maharashtra,Dhule,Shirpur(Sub-District),Babhulde,526065
Maharashtra,Dhule,Dhule(Sub-District),Babhulwadi,526523
Maharashtra,Dhule,Dhule(Sub-District),Babre,526614
Maharashtra,Dhule,Sakri(Sub-District),Bagulnagar,526372
Maharashtra,Dhule,Shirpur(Sub-District),Balade,526057
Maharashtra,Dhule,Dhule(Sub-District),Balapur,526518
Maharashtra,Dhule,Dhule(Sub-District),Balhane,526590
Maharashtra,Dhule,Sakri(Sub-District),Balhane,526431
Maharashtra,Dhule,Shirpur(Sub-District),Balkuwe,525979
Maharashtra,Dhule,Sakri(Sub-District),Balsane,526300
Maharashtra,Dhule,Dhule(Sub-District),Bamburle.Pr.Ner.,526469
Maharashtra,Dhule,Sindkhede(Sub-District),Bamhane,526119
Maharashtra,Dhule,Sakri(Sub-District),Baripada,945412
Maharashtra,Dhule,Sakri(Sub-District),Basar,526257
Maharashtra,Dhule,Sakri(Sub-District),Basarawal,526385
Maharashtra,Dhule,Dhule(Sub-District),Behed,526466
Maharashtra,Dhule,Sakri(Sub-District),Behed,526453
Maharashtra,Dhule,Dhule(Sub-District),Bendrepada,526607
Maharashtra,Dhule,Sindkhede(Sub-District),Betawad,526201
Maharashtra,Dhule,Sindkhede(Sub-District),Bhadane,526159
Maharashtra,Dhule,Dhule(Sub-District),Bhadane,526570
Maharashtra,Dhule,Sakri(Sub-District),Bhadane,526323
Maharashtra,Dhule,Sakri(Sub-District),Bhadgaon (Ma),526461
Maharashtra,Dhule,Sakri(Sub-District),Bhadgaon (V),526295
Maharashtra,Dhule,Sakri(Sub-District),Bhagapur,526282
Maharashtra,Dhule,Sakri(Sub-District),Bhamer,526288
Maharashtra,Dhule,Shirpur(Sub-District),Bharvade,526043
Maharashtra,Dhule,Shirpur(Sub-District),Bhatane,526029
Maharashtra,Dhule,Shirpur(Sub-District),Bhatpure,526086
Maharashtra,Dhule,Shirpur(Sub-District),Bhaver,526087
Maharashtra,Dhule,Sindkhede(Sub-District),Bhilane Digar,526199
Maharashtra,Dhule,Shirpur(Sub-District),Bhilardevpada,525993
Maharashtra,Dhule,Dhule(Sub-District),Bhirdai,526536
Maharashtra,Dhule,Dhule(Sub-District),Bhirdane,526534
Maharashtra,Dhule,Shirpur(Sub-District),Bhoiti,526017
Maharashtra,Dhule,Dhule(Sub-District),Bhokar,526551
Maharashtra,Dhule,Sakri(Sub-District),Bhongaon,526356
Maharashtra,Dhule,Shirpur(Sub-District),Bhorkheda,526075
Maharashtra,Dhule,Sakri(Sub-District),Bhortek,526266
Maharashtra,Dhule,Shirpur(Sub-District),Bhortek,526092
Maharashtra,Dhule,Dhule(Sub-District),Biladi,526501
Maharashtra,Dhule,Sakri(Sub-District),Bodakikhadi,526339
Maharashtra,Dhule,Dhule(Sub-District),Bodgaon,526613
Maharashtra,Dhule,Sakri(Sub-District),Bodgaon,526358
Maharashtra,Dhule,Sakri(Sub-District),Bodhripada,947335
Maharashtra,Dhule,Sakri(Sub-District),Bopkhel,526413
Maharashtra,Dhule,Shirpur(Sub-District),Boradi,525968
Maharashtra,Dhule,Shirpur(Sub-District),Borgaon,526048
Maharashtra,Dhule,Dhule(Sub-District),Boris,526468
Maharashtra,Dhule,Dhule(Sub-District),Borkund,526620
Maharashtra,Dhule,Shirpur(Sub-District),Bormali,526003
Maharashtra,Dhule,Shirpur(Sub-District),Borpani,525959
Maharashtra,Dhule,Dhule(Sub-District),Borsule,526475
Maharashtra,Dhule,Dhule(Sub-District),Borvihir,526543
Maharashtra,Dhule,Sakri(Sub-District),Bramhanwel,526265
Maharashtra,Dhule,Shirpur(Sub-District),Budki,525969
Maharashtra,Dhule,Sakri(Sub-District),Burudkhe,526260
Maharashtra,Dhule,Dhule(Sub-District),Burzad,526471
Maharashtra,Dhule,Shirpur(Sub-District),Chakadu,525958
Maharashtra,Dhule,Shirpur(Sub-District),Chandase,525976
Maharashtra,Dhule,Dhule(Sub-District),Chande,526627
Maharashtra,Dhule,Sindkhede(Sub-District),Chandgad,526213
Maharashtra,Dhule,Shirpur(Sub-District),Chandpuri,525970
Maharashtra,Dhule,Sakri(Sub-District),Charanmal,526367
Maharashtra,Dhule,Dhule(Sub-District),Chaugaon,526579
Maharashtra,Dhule,Sindkhede(Sub-District),Chaugaon Bk,526147
Maharashtra,Dhule,Sindkhede(Sub-District),Chaugaon Kh.,526146
Maharashtra,Dhule,Sakri(Sub-District),Chaupale,526346
Maharashtra,Dhule,Sakri(Sub-District),Chavadipada,947334
Maharashtra,Dhule,Sindkhede(Sub-District),Chawalde,526099
Maharashtra,Dhule,Sakri(Sub-District),Chhadwel (Korde),526254
Maharashtra,Dhule,Sakri(Sub-District),Chhadwel (P),526315
Maharashtra,Dhule,Sakri(Sub-District),Chhail,526450
Maharashtra,Dhule,Sakri(Sub-District),Chhavadi,526305
Maharashtra,Dhule,Sakri(Sub-District),Chikase,526423
Maharashtra,Dhule,Sindkhede(Sub-District),Chilane,526143
Maharashtra,Dhule,Shirpur(Sub-District),Chilare,526018
Maharashtra,Dhule,Sindkhede(Sub-District),Chimthane,526222
Maharashtra,Dhule,Sindkhede(Sub-District),Chimthaval,526237
Maharashtra,Dhule,Dhule(Sub-District),Chinchkhede,526539
Maharashtra,Dhule,Sakri(Sub-District),Chinchkhede,526458
Maharashtra,Dhule,Sakri(Sub-District),Chinchpada,526400
Maharashtra,Dhule,Dhule(Sub-District),Chinchwar,526478
Maharashtra,Dhule,Sakri(Sub-District),Chipalipada,526268
Maharashtra,Dhule,Sindkhede(Sub-District),Chirne,526206
Maharashtra,Dhule,Dhule(Sub-District),Chitod,526559
Maharashtra,Dhule,Sakri(Sub-District),Chorwad,526407
Maharashtra,Dhule,Sindkhede(Sub-District),Chudane,526111
Maharashtra,Dhule,Sindkhede(Sub-District),Dabhashi,526165
Maharashtra,Dhule,Sindkhede(Sub-District),Dabli,526177
Maharashtra,Dhule,Shirpur(Sub-District),Dahivad,526020
Maharashtra,Dhule,Sakri(Sub-District),Dahiwel,526355
Maharashtra,Dhule,Dhule(Sub-District),Dahyane,526591
Maharashtra,Dhule,Sindkhede(Sub-District),Dalwade Pra.N.,526144
Maharashtra,Dhule,Sindkhede(Sub-District),Dalwade Pra.S.,526223
Maharashtra,Dhule,Sakri(Sub-District),Dangshirwade,526403
Maharashtra,Dhule,Sindkhede(Sub-District),Dangurne,526216
Maharashtra,Dhule,Sakri(Sub-District),Dapur,526378
Maharashtra,Dhule,Dhule(Sub-District),Dapura,526484
Maharashtra,Dhule,Dhule(Sub-District),Dapuri,526485
Maharashtra,Dhule,Sindkhede(Sub-District),Darana,526233
Maharashtra,Dhule,Sakri(Sub-District),Daregaon,526402
Maharashtra,Dhule,Sindkhede(Sub-District),Darkheda,526209
Maharashtra,Dhule,Sakri(Sub-District),Darkhel,526452
Maharashtra,Dhule,Sindkhede(Sub-District),Daswel,526173
Maharashtra,Dhule,Sakri(Sub-District),Datarti,526327
Maharashtra,Dhule,Sindkhede(Sub-District),Dattane,526172
Maharashtra,Dhule,Sindkhede(Sub-District),Daul,526116
Maharashtra,Dhule,Sindkhede(Sub-District),Degaon,526221
Maharashtra,Dhule,Sakri(Sub-District),Degaon,526418
Maharashtra,Dhule,Dhule(Sub-District),Deobhane,526490
Maharashtra,Dhule,Dhule(Sub-District),Deopur,943957
Maharashtra,Dhule,Sakri(Sub-District),Deshshirwade,526426
Maharashtra,Dhule,Dhule(Sub-District),Deur Bk.,526583
Maharashtra,Dhule,Dhule(Sub-District),Deur Kh.,526582
Maharashtra,Dhule,Shirpur(Sub-District),Devisinggaon,943959
Maharashtra,Dhule,Sakri(Sub-District),Devjipada,526263
Maharashtra,Dhule,Sakri(Sub-District),Devli Pada,526370
Maharashtra,Dhule,Sakri(Sub-District),Dhadane,526440
Maharashtra,Dhule,Dhule(Sub-District),Dhadre,526605
Maharashtra,Dhule,Dhule(Sub-District),Dhadri,526497
Maharashtra,Dhule,Sakri(Sub-District),Dhamandhar,526437
Maharashtra,Dhule,Sindkhede(Sub-District),Dhamane,526120
Maharashtra,Dhule,Dhule(Sub-District),Dhamane,526494
Maharashtra,Dhule,Dhule(Sub-District),Dhamangaon,526612
Maharashtra,Dhule,Dhule(Sub-District),Dhamani,526495
Maharashtra,Dhule,Sakri(Sub-District),Dhamnar,526333
Maharashtra,Dhule,Dhule(Sub-District),Dhandane,945120
Maharashtra,Dhule,Sindkhede(Sub-District),Dhandarne,526176
Maharashtra,Dhule,Sakri(Sub-District),Dhaner,526336
Maharashtra,Dhule,Sakri(Sub-District),Dhangai,526377
Maharashtra,Dhule,Dhule(Sub-District),Dhanur,526487
Maharashtra,Dhule,Shirpur(Sub-District),Dhavalivihir,526004
Maharashtra,Dhule,Sakri(Sub-District),Dhavali Vihir,526364
Maharashtra,Dhule,Sakri(Sub-District),Dhavali Vihir (New),526253
Maharashtra,Dhule,Sindkhede(Sub-District),Dhawde,526108
Maharashtra,Dhule,Dhule(Sub-District),Dhodi,526496
Maharashtra,Dhule,Sakri(Sub-District),Dholipada,526363
Maharashtra,Dhule,Sakri(Sub-District),Dhongade Digar,526430
Maharashtra,Dhule,Dhule(Sub-District),Dhule,943958
Maharashtra,Dhule,Sakri(Sub-District),Dighawe,526447
Maharashtra,Dhule,Sindkhede(Sub-District),Divi,526227
Maharashtra,Dhule,Dhule(Sub-District),Diwanmala,526593
Maharashtra,Dhule,Sakri(Sub-District),Domkani,526286
Maharashtra,Dhule,Sindkhede(Sub-District),Dondaicha,943961
Maharashtra,Dhule,Dhule(Sub-District),Dondwad,526619
Maharashtra,Dhule,Sindkhede(Sub-District),Dongargaon,526194
Maharashtra,Dhule,Sakri(Sub-District),Dongarpada,526390
Maharashtra,Dhule,Shirpur(Sub-District),Durbadya,525954
Maharashtra,Dhule,Sakri(Sub-District),Dusane,526301
Maharashtra,Dhule,Dhule(Sub-District),Fagne,526519
Maharashtra,Dhule,Shirpur(Sub-District),Fattepurforest,943960
Maharashtra,Dhule,Shirpur(Sub-District),Fattepur Knagai,525960
Maharashtra,Dhule,Sakri(Sub-District),Fofare,526310
Maharashtra,Dhule,Shirpur(Sub-District),Gadhaddeo,525951
Maharashtra,Dhule,Dhule(Sub-District),Gadutar,526525
Maharashtra,Dhule,Sakri(Sub-District),Ganeshpur,526446
Maharashtra,Dhule,Sakri(Sub-District),Gangapur,526328
Maharashtra,Dhule,Sakri(Sub-District),Gartad,526345
Maharashtra,Dhule,Shirpur(Sub-District),Gartad,526059
Maharashtra,Dhule,Sindkhede(Sub-District),Gavhane,526171
Maharashtra,Dhule,Sakri(Sub-District),Gavhanipada,526417
Maharashtra,Dhule,Sakri(Sub-District),Ghanegaon,526308
Maharashtra,Dhule,Sakri(Sub-District),Ghodade,526361
Maharashtra,Dhule,Shirpur(Sub-District),Ghodasgaon,526096
Maharashtra,Dhule,Sindkhede(Sub-District),Ghusre,526157
Maharashtra,Dhule,Shirpur(Sub-District),Gidhade,526062
Maharashtra,Dhule,Shirpur(Sub-District),Godi,526076
Maharashtra,Dhule,Sakri(Sub-District),Gondas,526324
Maharashtra,Dhule,Dhule(Sub-District),Gondur,526550
Maharashtra,Dhule,Sindkhede(Sub-District),Gorane,526189
Maharashtra,Dhule,Dhule(Sub-District),Gotane,526578
Maharashtra,Dhule,Sakri(Sub-District),Gultare,526272
Maharashtra,Dhule,Shirpur(Sub-District),Gurhadpani,525952
Maharashtra,Dhule,Shirpur(Sub-District),Hadakhed,525998
Maharashtra,Dhule,Dhule(Sub-District),Hadsuni,526544
Maharashtra,Dhule,Sakri(Sub-District),Hanumant Nagar,947340
Maharashtra,Dhule,Sakri(Sub-District),Hanumantpada,526348
Maharashtra,Dhule,Sakri(Sub-District),Harpada,947336
Maharashtra,Dhule,Shirpur(Sub-District),Hated,525986
Maharashtra,Dhule,Sindkhede(Sub-District),Hatnur,526162
Maharashtra,Dhule,Sakri(Sub-District),Hatti Bk.,526309
Maharashtra,Dhule,Sakri(Sub-District),Hatti Kh.,526298
Maharashtra,Dhule,Shirpur(Sub-District),Hedryapada,525984
Maharashtra,Dhule,Dhule(Sub-District),Hendrun,526602
Maharashtra,Dhule,Dhule(Sub-District),Henkalwadi,526597
Maharashtra,Dhule,Dhule(Sub-District),Henkalwadi-1,526505
Maharashtra,Dhule,Shirpur(Sub-District),Higaon,526015
Maharashtra,Dhule,Dhule(Sub-District),Hingane,526587
Maharashtra,Dhule,Shirpur(Sub-District),Hingoni Bk,526049
Maharashtra,Dhule,Shirpur(Sub-District),Hingonipada,526007
Maharashtra,Dhule,Shirpur(Sub-District),Hisale,526081
Maharashtra,Dhule,Sindkhede(Sub-District),Hispur,526139
Maharashtra,Dhule,Shirpur(Sub-District),Hivarkheda,526016
Maharashtra,Dhule,Sakri(Sub-District),Hodadane,526293
Maharashtra,Dhule,Shirpur(Sub-District),Hol,526090
Maharashtra,Dhule,Sindkhede(Sub-District),Hol Pra.Be.,526175
Maharashtra,Dhule,Sakri(Sub-District),Holyahchapada,947337
Maharashtra,Dhule,Dhule(Sub-District),Horpada,526622
Maharashtra,Dhule,Sindkhede(Sub-District),Humbarde,526180
Maharashtra,Dhule,Sakri(Sub-District),Ichchapur,526330
Maharashtra,Dhule,Sakri(Sub-District),Indawe,526299
Maharashtra,Dhule,Sakri(Sub-District),Isarde,526246
Maharashtra,Dhule,Dhule(Sub-District),Isarne,526610
Maharashtra,Dhule,Sakri(Sub-District),Jaitane,526284
Maharashtra,Dhule,Shirpur(Sub-District),Jaitpur,526073
Maharashtra,Dhule,Sindkhede(Sub-District),Jakhane,526231
Maharashtra,Dhule,Shirpur(Sub-District),Jalod,526024
Maharashtra,Dhule,Sakri(Sub-District),Jamade,526249
Maharashtra,Dhule,Sakri(Sub-District),Jambhore,526273
Maharashtra,Dhule,Sakri(Sub-District),Jamkhel,526352
Maharashtra,Dhule,Sakri(Sub-District),Jamki,526275
Maharashtra,Dhule,Shirpur(Sub-District),Jamnyapada,525992
Maharashtra,Dhule,Dhule(Sub-District),Japi,526502
Maharashtra,Dhule,Shirpur(Sub-District),Japore,526094
Maharashtra,Dhule,Sindkhede(Sub-District),Jasane,526138
Maharashtra,Dhule,Sindkhede(Sub-District),Jatode,526187
Maharashtra,Dhule,Shirpur(Sub-District),Jatode,526047
Maharashtra,Dhule,Shirpur(Sub-District),Javkheda,526036
Maharashtra,Dhule,Sakri(Sub-District),Jayramnagar,526381
Maharashtra,Dhule,Sakri(Sub-District),Jebapur,526379
Maharashtra,Dhule,Sakri(Sub-District),Jirapur,526424
Maharashtra,Dhule,Sindkhede(Sub-District),Jogshelu,526145
Maharashtra,Dhule,Shirpur(Sub-District),Joyada,525990
Maharashtra,Dhule,Shirpur(Sub-District),June Bhampur,526030
Maharashtra,Dhule,Dhule(Sub-District),Junher,526592
Maharashtra,Dhule,Dhule(Sub-District),Junwane,526609
Maharashtra,Dhule,Sindkhede(Sub-District),Kadane,526207
Maharashtra,Dhule,Sakri(Sub-District),Kadhre,526303
Maharashtra,Dhule,Sakri(Sub-District),Kadupada,526368
Maharashtra,Dhule,Sakri(Sub-District),Kadyale,526427
Maharashtra,Dhule,Sakri(Sub-District),Kailasnagar,526382
Maharashtra,Dhule,Shirpur(Sub-District),Kakadmal,525953
Maharashtra,Dhule,Sakri(Sub-District),Kakani,526460
Maharashtra,Dhule,Sakri(Sub-District),Kakarde,526349
Maharashtra,Dhule,Sakri(Sub-District),Kaksewad,526396
Maharashtra,Dhule,Sakri(Sub-District),Kalambe,526388
Maharashtra,Dhule,Sakri(Sub-District),Kalambhir,526320
Maharashtra,Dhule,Sakri(Sub-District),Kaldar,947338
Maharashtra,Dhule,Sindkhede(Sub-District),Kalgaon,526136
Maharashtra,Dhule,Sakri(Sub-District),Kalgaon,526456
Maharashtra,Dhule,Sakri(Sub-District),Kalikhet,947333
Maharashtra,Dhule,Dhule(Sub-District),Kalkheda,526532
Maharashtra,Dhule,Sindkhede(Sub-District),Kalmadi,526191
Maharashtra,Dhule,Shirpur(Sub-District),Kalmasare,526052
Maharashtra,Dhule,Sakri(Sub-District),Kaltek,526244
Maharashtra,Dhule,Sindkhede(Sub-District),Kalwade,526113
Maharashtra,Dhule,Sindkhede(Sub-District),Kamkhede,526179
Maharashtra,Dhule,Sindkhede(Sub-District),Kampur,526126
Maharashtra,Dhule,Sindkhede(Sub-District),Kanchanpur,526193
Maharashtra,Dhule,Dhule(Sub-District),Kapadne,526491
Maharashtra,Dhule,Sakri(Sub-District),Karanjati,526369
Maharashtra,Dhule,Sindkhede(Sub-District),Karle,526115
Maharashtra,Dhule,Shirpur(Sub-District),Karvand,526019
Maharashtra,Dhule,Sakri(Sub-District),Kasare,526444
Maharashtra,Dhule,Dhule(Sub-District),Kasvihir,526530
Maharashtra,Dhule,Dhule(Sub-District),Kauthal,526492
Maharashtra,Dhule,Sakri(Sub-District),Kawathe,526317
Maharashtra,Dhule,Dhule(Sub-District),Kawathi,526482
Maharashtra,Dhule,Sakri(Sub-District),Khairkhunda,526387
Maharashtra,Dhule,Shirpur(Sub-District),Khairkhuti,525991
Maharashtra,Dhule,Sindkhede(Sub-District),Khalane,526212
Maharashtra,Dhule,Shirpur(Sub-District),Khambale,525994
Maharashtra,Dhule,Shirpur(Sub-District),Khamkheda Pr. Ambe,526014
Maharashtra,Dhule,Sakri(Sub-District),Khandbara,526341
Maharashtra,Dhule,Dhule(Sub-District),Khandlay Budruk,526564
Maharashtra,Dhule,Dhule(Sub-District),Khandlay Kh.,526565
Maharashtra,Dhule,Shirpur(Sub-District),Khankheda Pr. Thalner,526042
Maharashtra,Dhule,Sakri(Sub-District),Kharadbari,526338
Maharashtra,Dhule,Shirpur(Sub-District),Kharde Bk,526055
Maharashtra,Dhule,Sindkhede(Sub-District),Kharde Bk.,526128
Maharashtra,Dhule,Shirpur(Sub-District),Kharde Kh.,526064
Maharashtra,Dhule,Sakri(Sub-District),Khargaon,526404
Maharashtra,Dhule,Sakri(Sub-District),Khatyal,526415
Maharashtra,Dhule,Dhule(Sub-District),Khede,526554
Maharashtra,Dhule,Dhule(Sub-District),Khordad,526617
Maharashtra,Dhule,Sakri(Sub-District),Khori,526250
Maharashtra,Dhule,Sakri(Sub-District),Khudane,526285
Maharashtra,Dhule,Sakri(Sub-District),Kirwade,526357
Maharashtra,Dhule,Sindkhede(Sub-District),Kodade,526131
Maharashtra,Dhule,Shirpur(Sub-District),Kodid,525957
Maharashtra,Dhule,Sakri(Sub-District),Kokale,526325
Maharashtra,Dhule,Sakri(Sub-District),Kokangaon,526435
Maharashtra,Dhule,Sakri(Sub-District),Korde,526255
Maharashtra,Dhule,Sakri(Sub-District),Kudashi,526392
Maharashtra,Dhule,Sakri(Sub-District),Kuher,526350
Maharashtra,Dhule,Dhule(Sub-District),Kulthe,526608
Maharashtra,Dhule,Sindkhede(Sub-District),Kumbhare,526135
Maharashtra,Dhule,Sindkhede(Sub-District),Kumrej,526160
Maharashtra,Dhule,Dhule(Sub-District),Kundane (Velhane),526546
Maharashtra,Dhule,Dhule(Sub-District),Kundane (War),526557
Maharashtra,Dhule,Dhule(Sub-District),Kundane (Warkhede),526504
Maharashtra,Dhule,Shirpur(Sub-District),Kurkhali,526067
Maharashtra,Dhule,Sindkhede(Sub-District),Kurukwade,526121
Maharashtra,Dhule,Sakri(Sub-District),Kuruswade,526343
Maharashtra,Dhule,Dhule(Sub-District),Kusumbe,526577
Maharashtra,Dhule,Sakri(Sub-District),Kuttarkhamb,526374
Maharashtra,Dhule,Sakri(Sub-District),Kuttarmare,526252
Maharashtra,Dhule,Shirpur(Sub-District),Kuwe,525980
Maharashtra,Dhule,Sakri(Sub-District),Lagadwal,526262
Maharashtra,Dhule,Shirpur(Sub-District),Lakadya Hanuman,526005
Maharashtra,Dhule,Sakri(Sub-District),Lakhale,526406
Maharashtra,Dhule,Dhule(Sub-District),Laling,526594
Maharashtra,Dhule,Dhule(Sub-District),Lamkani,526465
Maharashtra,Dhule,Sindkhede(Sub-District),Langhane,526132
Maharashtra,Dhule,Shirpur(Sub-District),Lauki,526006
Maharashtra,Dhule,Sakri(Sub-District),Lavhardodi,526347
Maharashtra,Dhule,Shirpur(Sub-District),Lodhare,526037
Maharashtra,Dhule,Dhule(Sub-District),Lohgad,526580
Maharashtra,Dhule,Sindkhede(Sub-District),Lohgaon,526134
Maharashtra,Dhule,Sakri(Sub-District),Lonkhede,526304
Maharashtra,Dhule,Dhule(Sub-District),Lonkhedi,526581
Maharashtra,Dhule,Dhule(Sub-District),Lonkute,526488
Maharashtra,Dhule,Sakri(Sub-District),Machmal,526342
Maharashtra,Dhule,Shirpur(Sub-District),Madal,526051
Maharashtra,Dhule,Sindkhede(Sub-District),Madane,526117
Maharashtra,Dhule,Shirpur(Sub-District),Mahadeo Dondwad,526078
Maharashtra,Dhule,Dhule(Sub-District),Mahal Kali,526569
Maharashtra,Dhule,Dhule(Sub-District),Mahal Kandamana,526567
Maharashtra,Dhule,Dhule(Sub-District),Mahal Kasad,526573
Maharashtra,Dhule,Dhule(Sub-District),Mahal Lodha,526572
Maharashtra,Dhule,Dhule(Sub-District),Mahal Mali,526574
Maharashtra,Dhule,Dhule(Sub-District),Mahal Pandhari,526571
Maharashtra,Dhule,Sindkhede(Sub-District),Mahalpur,526210
Maharashtra,Dhule,Dhule(Sub-District),Mahindale,526631
Maharashtra,Dhule,Sakri(Sub-District),Mahir,526321
Maharashtra,Dhule,Sakri(Sub-District),Mahuband,526394
Maharashtra,Dhule,Sakri(Sub-District),Maindane,526359
Maharashtra,Dhule,Dhule(Sub-District),Malane,526526
Maharashtra,Dhule,Sakri(Sub-District),Malangaon,526340
Maharashtra,Dhule,Sakri(Sub-District),Malanjan,526419
Maharashtra,Dhule,Sakri(Sub-District),Malgaon Pr.Warsa,526389
Maharashtra,Dhule,Sindkhede(Sub-District),Malich,526188
Maharashtra,Dhule,Shirpur(Sub-District),Malkatar,526079
Maharashtra,Dhule,Sakri(Sub-District),Malkhede,526314
Maharashtra,Dhule,Sakri(Sub-District),Malpur,526442
Maharashtra,Dhule,Sindkhede(Sub-District),Malpur,526109
Maharashtra,Dhule,Sindkhede(Sub-District),Malsar,526196
Maharashtra,Dhule,Sakri(Sub-District),Malyachapada,526401
Maharashtra,Dhule,Shirpur(Sub-District),Mamane,526028
Maharashtra,Dhule,Dhule(Sub-District),Mandal,526603
Maharashtra,Dhule,Sindkhede(Sub-District),Mandal,526124
Maharashtra,Dhule,Sakri(Sub-District),Mandane,526438
Maharashtra,Dhule,Sakri(Sub-District),Manjari,526411
Maharashtra,Dhule,Shirpur(Sub-District),Manjrod,526093
Maharashtra,Dhule,Sakri(Sub-District),Mapalgaon,526412
Maharashtra,Dhule,Sakri(Sub-District),Mavajipada,526259
Maharashtra,Dhule,Dhule(Sub-District),Mehergaon,526481
Maharashtra,Dhule,Sindkhede(Sub-District),Melane,526186
Maharashtra,Dhule,Sindkhede(Sub-District),Methi,526127
Maharashtra,Dhule,Sakri(Sub-District),Mhalyachapada,947332
Maharashtra,Dhule,Sakri(Sub-District),Mhasale,526307
Maharashtra,Dhule,Sakri(Sub-District),Mhasdi Pr.Ner,526459
Maharashtra,Dhule,Sakri(Sub-District),Mhasdi Pr.Pimpalner,526422
Maharashtra,Dhule,Dhule(Sub-District),M.Nurnagar,526566
Maharashtra,Dhule,Dhule(Sub-District),Moghan,526601
Maharashtra,Dhule,Dhule(Sub-District),Mohadi.Pra.La,943963
Maharashtra,Dhule,Dhule(Sub-District),Mohadi Pr.Dan.,526506
Maharashtra,Dhule,Sakri(Sub-District),Mohagaon,526409
Maharashtra,Dhule,Sakri(Sub-District),Mohane,526376
Maharashtra,Dhule,Shirpur(Sub-District),Mohida,525965
Maharashtra,Dhule,Dhule(Sub-District),Morane Pr. La.,526558
Maharashtra,Dhule,Dhule(Sub-District),Morane Pr.Ner,526576
Maharashtra,Dhule,Dhule(Sub-District),Mordad,526628
Maharashtra,Dhule,Dhule(Sub-District),Mordad Tanda,526629
Maharashtra,Dhule,Dhule(Sub-District),Morshevadi,526595
Maharashtra,Dhule,Sindkhede(Sub-District),Mudawad,526198
Maharashtra,Dhule,Dhule(Sub-District),Mukati,526535
Maharashtra,Dhule,Sindkhede(Sub-District),Mukati,526236
Maharashtra,Dhule,Shirpur(Sub-District),Mukhed,526025
Maharashtra,Dhule,Sakri(Sub-District),Nadse,526451
Maharashtra,Dhule,Dhule(Sub-District),Nagaon Bk.,526500
Maharashtra,Dhule,Dhule(Sub-District),Nagaon Kh.,526528
Maharashtra,Dhule,Sakri(Sub-District),Nagaziri,526270
Maharashtra,Dhule,Sakri(Sub-District),Nagpur (Ko),526443
Maharashtra,Dhule,Sakri(Sub-District),Nagpur (V),526311
Maharashtra,Dhule,Dhule(Sub-District),Nakane,526552
Maharashtra,Dhule,Dhule(Sub-District),Nandale Bk.,526623
Maharashtra,Dhule,Dhule(Sub-District),Nandale Kh.,526529
Maharashtra,Dhule,Dhule(Sub-District),Nandane,526472
Maharashtra,Dhule,Sakri(Sub-District),Nandarakhi,526384
Maharashtra,Dhule,Shirpur(Sub-District),Nandarde,525974
Maharashtra,Dhule,Dhule(Sub-District),Nandre,526584
Maharashtra,Dhule,Sakri(Sub-District),Nandwan,526326
Maharashtra,Dhule,Dhule(Sub-District),Nane,526624
Maharashtra,Dhule,Shirpur(Sub-District),Nanthe,526091
Maharashtra,Dhule,Sindkhede(Sub-District),Nardane,526184
Maharashtra,Dhule,Dhule(Sub-District),Narvhal,526524
Maharashtra,Dhule,Shirpur(Sub-District),Natwade,526010
Maharashtra,Dhule,Sakri(Sub-District),Navapur,945068
Maharashtra,Dhule,Shirpur(Sub-District),Navebhampur,943967
Maharashtra,Dhule,Dhule(Sub-District),Navekothare,526476
Maharashtra,Dhule,Dhule(Sub-District),Navlane,526480
Maharashtra,Dhule,Sakri(Sub-District),Nawadane,526441
Maharashtra,Dhule,Dhule(Sub-District),Nawalnagar,526514
Maharashtra,Dhule,Sakri(Sub-District),Nawapada,526264
Maharashtra,Dhule,Sakri(Sub-District),Nawenagar,526380
Maharashtra,Dhule,Dhule(Sub-District),Nawra,526510
Maharashtra,Dhule,Dhule(Sub-District),Nawri,526511
Maharashtra,Dhule,Sindkhede(Sub-District),Newade,526149
Maharashtra,Dhule,Shirpur(Sub-District),New Boradi,525971
Maharashtra,Dhule,Sakri(Sub-District),Nijampur,526463
Maharashtra,Dhule,Dhule(Sub-District),Nikumbhe,526474
Maharashtra,Dhule,Sakri(Sub-District),Nilgavhan,526454
Maharashtra,Dhule,Dhule(Sub-District),Nimdale,526549
Maharashtra,Dhule,Dhule(Sub-District),Nimgul,526615
Maharashtra,Dhule,Sindkhede(Sub-District),Nimgul,526104
Maharashtra,Dhule,Dhule(Sub-District),Nimkhedi,526503
Maharashtra,Dhule,Shirpur(Sub-District),Nimzari,526009
Maharashtra,Dhule,Sindkhede(Sub-District),Nirgudi,526167
Maharashtra,Dhule,Sindkhede(Sub-District),Nishane,526211
Maharashtra,Dhule,Dhule(Sub-District),Nyahalod,526493
Maharashtra,Dhule,Sakri(Sub-District),Ozarade,526395
Maharashtra,Dhule,Sakri(Sub-District),Pachale,526243
Maharashtra,Dhule,Sakri(Sub-District),Pachmouli,526238
Maharashtra,Dhule,Dhule(Sub-District),Padalde,526589
Maharashtra,Dhule,Sindkhede(Sub-District),Padhawad,526200
Maharashtra,Dhule,Shirpur(Sub-District),Palasner,525983
Maharashtra,Dhule,Shirpur(Sub-District),Panakhed,525985
Maharashtra,Dhule,Sakri(Sub-District),Pangan,526240
Maharashtra,Dhule,Sakri(Sub-District),Panhalipada,526247
Maharashtra,Dhule,Sakri(Sub-District),Pankhede,526399
Maharashtra,Dhule,Sakri(Sub-District),Pargaon,526432
Maharashtra,Dhule,Sindkhede(Sub-District),Parsamal,526161
Maharashtra,Dhule,Sindkhede(Sub-District),Parsole,526114
Maharashtra,Dhule,Sindkhede(Sub-District),Pashte,526182
Maharashtra,Dhule,Sindkhede(Sub-District),Patan,526154
Maharashtra,Dhule,Shirpur(Sub-District),Patharde,526063
Maharashtra,Dhule,Sindkhede(Sub-District),Pathare,526106
Maharashtra,Dhule,Sakri(Sub-District),Perejpur,526318
Maharashtra,Dhule,Sakri(Sub-District),Petale,526248
Maharashtra,Dhule,Sakri(Sub-District),Phophade,526281
Maharashtra,Dhule,Shirpur(Sub-District),Pilode,526095
Maharashtra,Dhule,Shirpur(Sub-District),Pimpale,526088
Maharashtra,Dhule,Sakri(Sub-District),Pimpalgaon Budruk,526383
Maharashtra,Dhule,Sakri(Sub-District),Pimpalgaon Khurd,526408
Maharashtra,Dhule,Sakri(Sub-District),Pimpalner,526425
Maharashtra,Dhule,Sindkhede(Sub-District),Pimparkheda,526190
Maharashtra,Dhule,Dhule(Sub-District),Pimparkhede,526586
Maharashtra,Dhule,Sindkhede(Sub-District),Pimprad,526183
Maharashtra,Dhule,Dhule(Sub-District),Pimpri,526520
Maharashtra,Dhule,Shirpur(Sub-District),Pimpri,526068
Maharashtra,Dhule,Sakri(Sub-District),Pinjar Zadi,526239
Maharashtra,Dhule,Sindkhede(Sub-District),Pipari,526224
Maharashtra,Dhule,Sakri(Sub-District),Pobare,945067
Maharashtra,Dhule,Sakri(Sub-District),Pratappur,526449
Maharashtra,Dhule,Sakri(Sub-District),Punajinagar,526375
Maharashtra,Dhule,Dhule(Sub-District),Purmepada,526606
Maharashtra,Dhule,Sindkhede(Sub-District),Rahimpur,526123
Maharashtra,Dhule,Sakri(Sub-District),Raikot,526261
Maharashtra,Dhule,Sakri(Sub-District),Rainpada,947331
Maharashtra,Dhule,Sakri(Sub-District),Raipur,526290
Maharashtra,Dhule,Sakri(Sub-District),Raitel,526271
Maharashtra,Dhule,Sindkhede(Sub-District),Rami,526107
Maharashtra,Dhule,Dhule(Sub-District),Rami,526467
Maharashtra,Dhule,Sindkhede(Sub-District),Ranjane,526137
Maharashtra,Dhule,Sakri(Sub-District),Ranjangaon,526258
Maharashtra,Dhule,Dhule(Sub-District),Ranmala,526562
Maharashtra,Dhule,Dhule(Sub-District),Raver,526560
Maharashtra,Dhule,Dhule(Sub-District),Raywat,526621
Maharashtra,Dhule,Sindkhede(Sub-District),Rewadi,526228
Maharashtra,Dhule,Sakri(Sub-District),Rohan,526365
Maharashtra,Dhule,Sindkhede(Sub-District),Rohane,526234
Maharashtra,Dhule,Shirpur(Sub-District),Rohini,526013
Maharashtra,Dhule,Sakri(Sub-District),Rohod,526351
Maharashtra,Dhule,Sakri(Sub-District),Rojgaon,526291
Maharashtra,Dhule,Sindkhede(Sub-District),Rudane,526230
Maharashtra,Dhule,Shirpur(Sub-District),Rudawali,526045
Maharashtra,Dhule,Sakri(Sub-District),Runmali,526278
Maharashtra,Dhule,Dhule(Sub-District),Sadgaon,526596
Maharashtra,Dhule,Sindkhede(Sub-District),Sahur,526102
Maharashtra,Dhule,Dhule(Sub-District),Saitale,526477
Maharashtra,Dhule,Sakri(Sub-District),Sakri,526464
Maharashtra,Dhule,Shirpur(Sub-District),Sakvad,526058
Maharashtra,Dhule,Sakri(Sub-District),Saltek,526287
Maharashtra,Dhule,Sindkhede(Sub-District),Salve,526163
Maharashtra,Dhule,Sakri(Sub-District),Samode,526421
Maharashtra,Dhule,Shirpur(Sub-District),Sangavi,525989
Maharashtra,Dhule,Dhule(Sub-District),Sanjori,526556
Maharashtra,Dhule,Dhule(Sub-District),Sarvad,526489
Maharashtra,Dhule,Sindkhede(Sub-District),Sarve,526215
Maharashtra,Dhule,Sindkhede(Sub-District),Satare,526220
Maharashtra,Dhule,Dhule(Sub-District),Satarne,526509
Maharashtra,Dhule,Sakri(Sub-District),Satarpada,526354
Maharashtra,Dhule,Sakri(Sub-District),Satmane,526302
Maharashtra,Dhule,Dhule(Sub-District),Saundane,526522
Maharashtra,Dhule,Shirpur(Sub-District),Savalade,526066
Maharashtra,Dhule,Dhule(Sub-District),Savali,526537
Maharashtra,Dhule,Sakri(Sub-District),Savarimal,526391
Maharashtra,Dhule,Shirpur(Sub-District),Saver,526085
Maharashtra,Dhule,Dhule(Sub-District),Sawalde,526561
Maharashtra,Dhule,Dhule(Sub-District),Sawali Tanda,526538
Maharashtra,Dhule,Sakri(Sub-District),Sayane,526445
Maharashtra,Dhule,Dhule(Sub-District),Sayane,526473
Maharashtra,Dhule,Sakri(Sub-District),Sayyadnagar,526332
Maharashtra,Dhule,Sakri(Sub-District),Shelbari,526429
Maharashtra,Dhule,Shirpur(Sub-District),Shemlya,525966
Maharashtra,Dhule,Sakri(Sub-District),Shendwad,526410
Maharashtra,Dhule,Sindkhede(Sub-District),Shendwade,526101
Maharashtra,Dhule,Sakri(Sub-District),Shenpur,526439
Maharashtra,Dhule,Sindkhede(Sub-District),Shewade,526226
Maharashtra,Dhule,Sakri(Sub-District),Shewadipada,526428
Maharashtra,Dhule,Sakri(Sub-District),Shewage,526433
Maharashtra,Dhule,Sakri(Sub-District),Shewali (Da. ),526322
Maharashtra,Dhule,Sakri(Sub-District),Shewali (Ma. ),526462
Maharashtra,Dhule,Sindkhede(Sub-District),Shindkheda,526155
Maharashtra,Dhule,Shirpur(Sub-District),Shingave,526050
Maharashtra,Dhule,Sindkhede(Sub-District),Shirale,526170
Maharashtra,Dhule,Dhule(Sub-District),Shirdane Pr.Da.,526512
Maharashtra,Dhule,Dhule(Sub-District),Shirdhane Pr.Ner,526479
Maharashtra,Dhule,Shirpur(Sub-District),Shirpur Budruk,943969
Maharashtra,Dhule,Shirpur(Sub-District),Shirpur Khurd,943971
Maharashtra,Dhule,Sakri(Sub-District),Shirsole,526353
Maharashtra,Dhule,Dhule(Sub-District),Shirud,526611
Maharashtra,Dhule,Sakri(Sub-District),Shiv,526414
Maharashtra,Dhule,Sakri(Sub-District),Shivajinagar,526371
Maharashtra,Dhule,Sakri(Sub-District),Shivajinagar Na.Ga.,526289
Maharashtra,Dhule,Sakri(Sub-District),Shivarimal,526334
Maharashtra,Dhule,Sakri(Sub-District),Sinband,526245
Maharashtra,Dhule,Dhule(Sub-District),Sitane,526625
Maharashtra,Dhule,Sakri(Sub-District),Sitarampur,526434
Maharashtra,Dhule,Sindkhede(Sub-District),Sondale,526217
Maharashtra,Dhule,Sindkhede(Sub-District),Sonewadi,526150
Maharashtra,Dhule,Dhule(Sub-District),Sonewadi,526599
Maharashtra,Dhule,Dhule(Sub-District),Songir,526483
Maharashtra,Dhule,Sindkhede(Sub-District),Sonshelu,526158
Maharashtra,Dhule,Shirpur(Sub-District),Subhash Nagar,525982
Maharashtra,Dhule,Sakri(Sub-District),Sukapur,526398
Maharashtra,Dhule,Dhule(Sub-District),Sukawad Pra.Da.,526507
Maharashtra,Dhule,Sindkhede(Sub-District),Sukwad,526164
Maharashtra,Dhule,Shirpur(Sub-District),Sule,526011
Maharashtra,Dhule,Sindkhede(Sub-District),Sulwade,526153
Maharashtra,Dhule,Sindkhede(Sub-District),Suray,526110
Maharashtra,Dhule,Sakri(Sub-District),Surpan,526362
Maharashtra,Dhule,Sakri(Sub-District),Sutare,526344
Maharashtra,Dhule,Dhule(Sub-District),Sutare Pada,526548
Maharashtra,Dhule,Shirpur(Sub-District),Tajpuri,526060
Maharashtra,Dhule,Sindkhede(Sub-District),Takarkhede,526097
Maharashtra,Dhule,Dhule(Sub-District),Tamaswadi,526486
Maharashtra,Dhule,Sakri(Sub-District),Tamaswadi,526329
Maharashtra,Dhule,Sindkhede(Sub-District),Tamthre,526235
Maharashtra,Dhule,Dhule(Sub-District),Tanda (Kundane Pra.Ve),526547
Maharashtra,Dhule,Shirpur(Sub-District),Tande,526070
Maharashtra,Dhule,Shirpur(Sub-District),Tardi,526082
Maharashtra,Dhule,Shirpur(Sub-District),Tarhadi T.T.,526027
Maharashtra,Dhule,Shirpur(Sub-District),Tarhad (Kasbe),526023
Maharashtra,Dhule,Dhule(Sub-District),Tarwade,526626
Maharashtra,Dhule,Sindkhede(Sub-District),Tavkheda Pra.N.,526100
Maharashtra,Dhule,Sindkhede(Sub-District),Tavkhede Pra.Be.,526166
Maharashtra,Dhule,Shirpur(Sub-District),Tekwade,526041
Maharashtra,Dhule,Shirpur(Sub-District),Tembhe Bk.,526044
Maharashtra,Dhule,Shirpur(Sub-District),Tembhepada,525973
Maharashtra,Dhule,Sakri(Sub-District),Tembhe Pra.Bhamer,945065
Maharashtra,Dhule,Sakri(Sub-District),Tembhe Pra.Varsa,945066
Maharashtra,Dhule,Sindkhede(Sub-District),Temlay,526168
Maharashtra,Dhule,Shirpur(Sub-District),Thalner,526077
Maharashtra,Dhule,Dhule(Sub-District),Tikhi,526563
Maharashtra,Dhule,Dhule(Sub-District),Tisgaon,526498
Maharashtra,Dhule,Sakri(Sub-District),Titane,526251
Maharashtra,Dhule,Shirpur(Sub-District),Tode,526080
Maharashtra,Dhule,Sakri(Sub-District),Torankudi,526337
Maharashtra,Dhule,Dhule(Sub-District),Ubhand,526585
Maharashtra,Dhule,Sakri(Sub-District),Ubhand,526312
Maharashtra,Dhule,Sakri(Sub-District),Ubharandi,526283
Maharashtra,Dhule,Dhule(Sub-District),Udane,526555
Maharashtra,Dhule,Shirpur(Sub-District),Ukhalwadi,526026
Maharashtra,Dhule,Shirpur(Sub-District),Umarda,525956
Maharashtra,Dhule,Sakri(Sub-District),Umarpata,526386
Maharashtra,Dhule,Sakri(Sub-District),Umbarkhandwa,910827
Maharashtra,Dhule,Sakri(Sub-District),Umbhare,526420
Maharashtra,Dhule,Sakri(Sub-District),Umbharti,526448
Maharashtra,Dhule,Shirpur(Sub-District),Untawad,526056
Maharashtra,Dhule,Shirpur(Sub-District),Uparpid,526061
Maharashtra,Dhule,Sindkhede(Sub-District),Vadali,526181
Maharashtra,Dhule,Dhule(Sub-District),Vadjai,526521
Maharashtra,Dhule,Shirpur(Sub-District),Vadle Kh,526001
Maharashtra,Dhule,Sindkhede(Sub-District),Vadode,526197
Maharashtra,Dhule,Sindkhede(Sub-District),Vaipur,526214
Maharashtra,Dhule,Sakri(Sub-District),Vajadare,526279
Maharashtra,Dhule,Dhule(Sub-District),Vajirkhede,526542
Maharashtra,Dhule,Shirpur(Sub-District),Vakwad,525955
Maharashtra,Dhule,Sindkhede(Sub-District),Valkheda,526204
Maharashtra,Dhule,Sakri(Sub-District),Valwhe,526241
Maharashtra,Dhule,Shirpur(Sub-District),Vanaval,526046
Maharashtra,Dhule,Dhule(Sub-District),Vani Bk,526515
Maharashtra,Dhule,Dhule(Sub-District),Vani Kh,526616
Maharashtra,Dhule,Sakri(Sub-District),Vardharne,526294
Maharashtra,Dhule,Dhule(Sub-District),Varkhede,526517
Maharashtra,Dhule,Sindkhede(Sub-District),Varpade,526148
Maharashtra,Dhule,Sindkhede(Sub-District),Varshi,526169
Maharashtra,Dhule,Sakri(Sub-District),Varsus,526277
Maharashtra,Dhule,Sindkhede(Sub-District),Varsus,526152
Maharashtra,Dhule,Sindkhede(Sub-District),Varul,526156
Maharashtra,Dhule,Shirpur(Sub-District),Varul,526034
Maharashtra,Dhule,Shirpur(Sub-District),Varzadi,526008
Maharashtra,Dhule,Sindkhede(Sub-District),Varzadi,526130
Maharashtra,Dhule,Sakri(Sub-District),Varzadi,526416
Maharashtra,Dhule,Sindkhede(Sub-District),Vasamane,526133
Maharashtra,Dhule,Sakri(Sub-District),Vaskhedi,526276
Maharashtra,Dhule,Sakri(Sub-District),Vasmar,526457
Maharashtra,Dhule,Sakri(Sub-District),Vehergaon,526292
Maharashtra,Dhule,Dhule(Sub-District),Velhane Bk.,526545
Maharashtra,Dhule,Sakri(Sub-District),Vihirgaon,526269
Maharashtra,Dhule,Sindkhede(Sub-District),Vikharan,526125
Maharashtra,Dhule,Shirpur(Sub-District),Vikharan Bk.,526031
Maharashtra,Dhule,Shirpur(Sub-District),Vikharan Kh.,526032
Maharashtra,Dhule,Sindkhede(Sub-District),Vikhurle,526122
Maharashtra,Dhule,Sindkhede(Sub-District),Viklel,526195
Maharashtra,Dhule,Dhule(Sub-District),Vinchur,526618
Maharashtra,Dhule,Sindkhede(Sub-District),Virdel,526142
Maharashtra,Dhule,Sakri(Sub-District),Virkhel,526436
Maharashtra,Dhule,Dhule(Sub-District),Vishwanath,526508
Maharashtra,Dhule,Sindkhede(Sub-District),Vitai,526178
Maharashtra,Dhule,Sakri(Sub-District),Vitai,526455
Maharashtra,Dhule,Sakri(Sub-District),Vitawe,526242
Maharashtra,Dhule,Sindkhede(Sub-District),Wadade,526098
Maharashtra,Dhule,Dhule(Sub-District),Wadel,526499
Maharashtra,Dhule,Dhule(Sub-District),Wadgaon,526513
Maharashtra,Dhule,Sindkhede(Sub-District),Wadi,526229
Maharashtra,Dhule,Shirpur(Sub-District),Wadi Bk,525977
Maharashtra,Dhule,Shirpur(Sub-District),Wadi Kh.,525978
Maharashtra,Dhule,Dhule(Sub-District),Wadne,526470
Maharashtra,Dhule,Shirpur(Sub-District),Waghadi,525981
Maharashtra,Dhule,Sindkhede(Sub-District),Waghadi Bk,526219
Maharashtra,Dhule,Sindkhede(Sub-District),Waghadi Kh,526218
Maharashtra,Dhule,Sindkhede(Sub-District),Waghode,526203
Maharashtra,Dhule,Shirpur(Sub-District),Wakapada,525961
Maharashtra,Dhule,Sakri(Sub-District),Waki,526397
Maharashtra,Dhule,Dhule(Sub-District),Walwadi,526630
Maharashtra,Dhule,Sindkhede(Sub-District),Wani,526118
Maharashtra,Dhule,Dhule(Sub-District),War,526553
Maharashtra,Dhule,Sakri(Sub-District),Warsa,526405
Maharashtra,Dhule,Sindkhede(Sub-District),Warud,526185
Maharashtra,Dhule,Sindkhede(Sub-District),Warvade,943962
Maharashtra,Dhule,Shirpur(Sub-District),Warvade,944988
Maharashtra,Dhule,Shirpur(Sub-District),Wasardi,525975
Maharashtra,Dhule,Shirpur(Sub-District),Wathode,526074
Maharashtra,Dhule,Sakri(Sub-District),Zanzale,526366
Maharashtra,Dhule,Shirpur(Sub-District),Zende-Anjan,525964
Maharashtra,Dhule,Sakri(Sub-District),Zirani,526267
Maharashtra,Dhule,Sindkhede(Sub-District),Zirve,526105
Maharashtra,Dhule,Sindkhede(Sub-District),Zotwade,526103
